1202121,Gerda,L,Bagahansol,Intern,gerda@gmail.com,gerdaPass23,2023/11/21,290001,200008,gerda.bagahansol20@gmail.com
1202123,Kenth,P,Guardiario,Intern,kenth@gmail.com,kenthPass23,2023/11/21,290001,200007,kenthguardiario@gmail.com
1202124,Ryan,R,Paderna,Intern,ryan@gmail.com,ryanPass23,2023/11/21,290001,200008,johnryanpaderna@gmail.com
1202126,Mark,K,Pingris,Intern,mark@gmail.com,markPass23,2023/11/21,290001,200007,markpingris@gmail.com
1202127,Sofia,A,Andres,Intern,sofia@gmail.com,sofiaPass24,2023/11/21,290001,200002,sofiaandres@gmail.com
1202128,Taylor,S,Swift,Intern,taylor@gmail.com,taylorPass25,2023/11/21,200002,290012,taylorswift@gmail.com
1202129,Robin,T,Paderna,Intern,robin@gmail.com,robinPass26,2023/11/21,200002,290011,robinpaderna@gmail.com
1202130,Philip,M,Ling,Intern,philip@gmail.com,philipPass27,2023/11/21,290001,200007,philipling@gmail.com
